Rate,StdDev,MAD,IQR,RollingVol(24h)
CIEP,24.783653776387297,19.0179717980031,29.657374999999988,23.29606155384148
RSCP,80.61213255053049,56.26894366346992,81.7651999999996,68.96678722271918
